VM,MIG,VM test count,MIG test count,KS Statistic,VM geo mean,MIG geo mean,Geo distance (VM/MIG),Geo distance (MIG/VM)
del03,del05,1275402.0,558498.0,0.05333333333333334,22.38235130837869,20.282758515812723,1.1035161361768961,0.9061942704929308
hnd06,hnd07,290084.0,160656.0,0.035555555555555556,49.13650579656377,37.50387067413984,1.3101715879807845,0.7632588045518405
iad07,iad09,107782.0,74475.0,0.017777777777777778,70.8729011115514,68.81325793477947,1.0299309063193032,0.9709389181976603
lhr09,lhr10,537726.0,380818.0,0.03111111111111111,44.97897203470974,42.67653023477637,1.0539510074335225,0.9488107065195576
scl05,scl06,27612.0,24939.0,0.07555555555555556,18.18592362728373,9.802633333266565,1.8552079843247156,0.5390231221778586
syd07,syd08,157201.0,118081.0,0.03111111111111111,32.821135521717245,33.106107521806805,0.9913921623101765,1.0086825758938474
