MIG,VM,MIG test count,VM test count,KS Statistic,MIG geo mean,VM geo mean,Geo distance (MIG/VM),Geo distance (VM/MIG)
del03,del05,1326235.0,580916.0,0.044444444444444446,21.733198022240302,19.68375291849871,1.1041186156027967,0.9056997915518771
hnd06,hnd07,298416.0,165613.0,0.044444444444444446,48.60036586310047,36.92050878176916,1.3163514660745592,0.7596755317803241
iad07,iad09,110829.0,76730.0,0.035555555555555556,70.30450507841434,68.70571489740543,1.0232701192818718,0.9772590649884286
lhr09,lhr10,556796.0,394630.0,0.022222222222222223,44.668975230468526,42.34060102723562,1.0549915246062562,0.9478749133773562
scl05,scl06,28390.0,25902.0,0.07555555555555556,17.74158890117116,9.315814530639507,1.904459222842991,0.5250834399631789
syd07,syd08,162519.0,122240.0,0.022222222222222223,32.364884542269046,32.638947366653376,0.9916031965949877,1.0084679067532714
