MIG,VM,KS Statistic,MIG geo mean,VM geo mean,Geo distance (MIG/VM)
del03,del05,0.044444444444444446,4.258904639899764,4.550327858029376,0.9359555559023346
hnd06,hnd07,0.008888888888888889,19.79171552153351,19.235258549054212,1.0289290092493537
iad07,iad09,0.022222222222222223,17.73789876214425,17.968620194678486,0.9871597579538932
lhr09,lhr10,0.02666666666666667,9.881398862943142,10.268669658703518,0.9622861764345362
scl05,scl06,0.10666666666666667,6.263170019525188,6.430299420063612,0.9740090795745915
syd07,syd08,0.035555555555555556,5.757494845688314,6.147608958204453,0.9365421393637112
