MIG,VM,KS Statistic,MIG geo mean,VM geo mean,Geo distance (MIG/VM)
del03,del05,0.035555555555555556,4.2855136226902,4.571024905015331,0.9375388915488367
hnd06,hnd07,0.008888888888888889,19.645690299446514,18.992394067175976,1.034397782078438
iad07,iad09,0.022222222222222223,16.975162291738847,17.204874138995287,0.9866484436096052
lhr09,lhr10,0.013333333333333334,9.826946020119962,10.170011958305262,0.9662669090664011
scl05,scl06,0.10666666666666667,6.0085619461613105,6.143784804268161,0.9779903003743052
syd07,syd08,0.03111111111111111,5.6040742926057225,6.004933489223378,0.93324502305695
